{"cameraMode":{"drawMode":0,"name":"Shaded","section":"Shading Mode"},"sceneLighting":true,"audioPlay":false,"sceneViewState":{"showFog":true,"showMaterialUpdate":false,"showSkybox":true,"showFlares":true,"showImageEffects":true,"showParticleSystems":true},"in2DMode":false,"pivot":{"x":-7.975221633911133,"y":-1.6299607753753663,"z":0.4293774664402008},"rotation":{"x":-0.15743108093738557,"y":0.6628044247627258,"z":-0.1454363912343979,"w":-0.7174819111824036},"size":15.455829620361329,"orthographic":false}